date,ambient_temp_c,humidity_percent,atmospheric_pressure_hPa,rainfall_mm
2022-01-01,21.0,86.5,1007.3,0.0
2022-01-02,21.7,47.5,1015.7,0.0
2022-01-03,21.4,40.5,1016.9,0.0
2022-01-04,15.8,71.0,1018.0,0.0
2022-01-05,17.8,82.5,1013.5,1.5
2022-01-06,22.6,78.6,1008.5,0.0
2022-01-07,20.3,62.7,1023.2,1.3
2022-01-08,18.6,55.9,1016.2,0.0
2022-01-09,25.3,60.7,1016.7,0.0
2022-01-10,22.7,57.3,1013.4,0.0
2022-01-11,18.0,75.4,1021.6,0.0
2022-01-12,22.8,69.7,1013.1,0.0
2022-01-13,18.9,48.6,1013.3,0.0
2022-01-14,22.1,89.7,1017.5,0.0
2022-01-15,23.3,84.0,1012.0,0.0
2022-01-16,22.3,42.5,1006.7,0.0
2022-01-17,24.1,81.8,1012.4,0.0
2022-01-18,26.2,83.7,1013.2,0.0
2022-01-19,20.0,59.8,1014.9,2.3
2022-01-20,23.0,89.2,1011.4,0.0
2022-01-21,22.9,79.8,1014.3,0.0
2022-01-22,21.8,84.5,1011.0,0.0
2022-01-23,24.7,88.1,1010.6,0.0
2022-01-24,20.5,63.5,1003.7,0.1
2022-01-25,23.8,77.1,999.6,0.7
2022-01-26,20.9,85.2,1009.2,0.7
2022-01-27,28.8,77.2,1011.3,0.4
2022-01-28,29.9,84.4,1013.7,0.0
2022-01-29,34.3,69.0,1009.5,0.0
2022-01-30,23.8,63.4,1017.5,0.0
2022-01-31,25.9,46.6,1014.7,0.0
2022-02-01,19.4,87.7,1008.1,0.0
2022-02-02,25.2,84.1,1009.5,0.0
2022-02-03,21.5,66.1,1010.1,0.0
2022-02-04,26.5,64.1,1016.6,0.0
2022-02-05,20.1,45.5,1012.9,0.0
2022-02-06,25.6,83.8,1014.1,2.8
2022-02-07,22.6,43.6,1014.4,0.0
2022-02-08,24.9,44.8,1004.5,0.0
2022-02-09,24.7,48.3,1013.2,0.0
2022-02-10,29.6,69.2,1008.7,0.0
2022-02-11,22.0,60.2,1013.5,0.8
2022-02-12,24.9,46.0,1011.9,0.0
2022-02-13,27.1,82.3,1009.2,0.0
2022-02-14,28.7,52.3,1017.9,5.3
2022-02-15,24.2,66.5,1019.8,0.0
2022-02-16,26.3,87.0,1013.6,1.4
2022-02-17,33.0,66.5,1015.1,0.0
2022-02-18,27.7,46.3,1015.2,0.0
2022-02-19,32.5,48.2,1015.9,0.0
2022-02-20,27.4,41.5,1017.3,1.2
2022-02-21,29.3,63.3,1014.4,0.0
2022-02-22,28.9,89.4,1014.9,2.4
2022-02-23,29.4,86.0,1007.2,0.0
2022-02-24,32.2,79.7,1024.2,2.8
2022-02-25,33.1,86.2,1008.0,0.0
2022-02-26,28.2,89.7,1011.7,0.0
2022-02-27,31.2,46.5,1011.6,0.0
2022-02-28,29.2,86.1,1008.0,1.7
2022-03-01,27.3,70.0,1015.2,1.7
2022-03-02,29.4,73.9,1014.9,0.0
2022-03-03,24.5,84.6,1011.5,0.0
2022-03-04,31.4,87.4,1022.0,1.7
2022-03-05,30.0,76.0,1013.6,2.9
2022-03-06,28.8,57.1,1010.9,0.0
2022-03-07,29.1,44.6,1016.4,0.0
2022-03-08,31.4,41.0,1006.8,0.0
2022-03-09,27.7,83.0,1007.8,0.0
2022-03-10,29.4,53.8,1011.3,0.0
2022-03-11,30.4,85.5,1015.0,0.0
2022-03-12,23.1,87.6,1002.1,0.0
2022-03-13,29.4,56.0,1018.9,0.0
2022-03-14,28.0,41.2,1010.4,3.5
2022-03-15,27.9,86.8,1016.4,0.0
2022-03-16,32.5,64.5,1013.5,0.0
2022-03-17,27.1,85.6,1015.7,1.9
2022-03-18,26.0,78.2,1013.5,0.0
2022-03-19,25.6,52.0,1013.7,0.0
2022-03-20,30.1,69.3,1012.2,0.0
2022-03-21,28.4,83.0,1009.8,0.0
2022-03-22,26.6,79.9,1020.2,0.0
2022-03-23,29.3,45.8,1011.9,0.9
2022-03-24,30.6,61.1,1027.0,6.1
2022-03-25,30.7,46.9,1015.2,0.0
2022-03-26,30.3,73.2,1006.0,0.1
2022-03-27,29.1,67.6,1013.0,0.0
2022-03-28,30.5,89.6,1019.1,0.0
2022-03-29,31.5,88.8,1019.2,0.0
2022-03-30,31.8,42.6,1015.6,0.0
2022-03-31,32.1,81.6,1009.0,0.0
2022-04-01,32.5,77.4,1011.6,0.0
2022-04-02,29.3,47.2,1013.4,0.0
2022-04-03,28.9,66.7,1008.1,0.0
2022-04-04,30.0,61.8,1011.8,0.0
2022-04-05,29.2,81.2,1012.5,0.0
2022-04-06,23.7,81.2,1011.7,0.2
2022-04-07,29.5,76.9,1013.3,1.6
2022-04-08,29.9,63.2,1001.4,0.0
2022-04-09,28.3,77.6,1016.5,0.0
2022-04-10,28.7,48.8,1018.2,0.0
2022-04-11,32.7,46.9,1010.2,0.0
2022-04-12,30.2,83.8,1020.4,0.6
2022-04-13,26.2,72.8,1011.7,1.7
2022-04-14,27.2,81.4,1022.0,0.0
2022-04-15,28.6,70.1,1003.5,0.0
2022-04-16,26.7,77.9,1005.0,0.0
2022-04-17,30.1,53.5,1015.1,0.0
2022-04-18,32.2,73.8,1016.2,0.0
2022-04-19,25.4,84.7,1014.8,0.0
2022-04-20,29.1,63.5,1018.0,0.1
2022-04-21,35.2,69.3,1006.9,0.0
2022-04-22,33.8,45.0,1006.4,0.0
2022-04-23,30.6,46.7,1009.7,0.0
2022-04-24,27.1,42.8,1024.4,0.0
2022-04-25,31.8,50.3,1012.1,0.2
2022-04-26,25.0,45.8,1001.8,0.0
2022-04-27,33.0,77.7,1019.5,0.0
2022-04-28,31.3,42.2,1015.6,0.0
2022-04-29,27.2,68.8,1015.8,0.0
2022-04-30,25.4,64.9,1013.4,0.0
2022-05-01,26.3,46.4,1015.9,0.0
2022-05-02,33.3,83.3,1008.0,0.0
2022-05-03,27.0,61.6,1013.3,2.4
2022-05-04,27.9,56.5,1017.8,0.0
2022-05-05,26.0,72.9,1009.4,0.0
2022-05-06,30.6,58.9,1021.7,0.0
2022-05-07,31.2,59.5,1017.0,0.0
2022-05-08,27.9,52.9,1008.8,0.2
2022-05-09,29.8,42.6,1020.2,0.0
2022-05-10,29.0,68.9,1013.1,0.0
2022-05-11,32.6,68.1,1011.9,4.5
2022-05-12,21.6,63.3,1013.3,0.6
2022-05-13,27.5,58.7,1017.1,0.0
2022-05-14,26.1,78.7,1002.4,0.0
2022-05-15,29.8,88.2,1009.7,0.0
2022-05-16,24.3,83.9,1002.6,2.7
2022-05-17,26.3,89.1,1008.0,0.0
2022-05-18,18.6,60.9,1007.1,3.7
2022-05-19,28.0,55.2,1022.2,0.0
2022-05-20,27.8,63.2,1019.0,0.0
2022-05-21,24.9,58.8,1005.2,0.0
2022-05-22,29.3,66.1,1005.1,0.0
2022-05-23,28.5,57.2,1007.6,0.8
2022-05-24,27.4,88.7,1015.3,0.0
2022-05-25,34.2,71.7,1009.0,0.0
2022-05-26,27.2,66.7,1007.8,0.2
2022-05-27,23.6,55.1,1012.5,0.0
2022-05-28,27.3,81.9,1014.8,0.6
2022-05-29,24.3,85.8,1010.9,0.0
2022-05-30,24.2,43.2,1004.3,0.0
2022-05-31,24.0,54.3,1007.4,0.0
2022-06-01,28.8,75.4,1005.4,1.6
2022-06-02,20.1,46.3,1014.8,0.0
2022-06-03,25.3,84.9,1020.4,7.4
2022-06-04,23.6,59.3,1004.2,0.0
2022-06-05,28.2,43.9,1014.7,0.0
2022-06-06,22.3,70.6,1010.3,0.0
2022-06-07,18.5,88.8,1016.0,0.0
2022-06-08,25.7,88.9,1018.9,0.0
2022-06-09,23.2,43.2,1010.1,0.0
2022-06-10,24.4,66.9,1013.0,0.0
2022-06-11,22.2,70.9,1005.2,1.3
2022-06-12,20.8,51.3,1018.0,0.8
2022-06-13,22.5,67.0,1015.0,0.0
2022-06-14,23.5,73.6,1017.1,0.0
2022-06-15,24.8,48.4,1011.6,0.0
2022-06-16,20.1,64.9,1014.2,0.0
2022-06-17,21.2,89.7,1006.8,0.0
2022-06-18,20.3,43.3,1006.0,0.0
2022-06-19,21.7,42.5,1024.6,0.0
2022-06-20,21.1,63.8,1011.4,0.8
2022-06-21,20.6,61.4,1012.4,2.5
2022-06-22,27.0,73.1,1017.8,1.0
2022-06-23,22.9,80.6,1013.2,4.8
2022-06-24,17.0,77.3,1013.5,0.0
2022-06-25,21.1,77.4,1012.0,0.0
2022-06-26,27.3,87.8,1011.0,0.0
2022-06-27,22.1,66.5,1013.6,2.5
2022-06-28,18.2,57.9,1006.1,0.0
2022-06-29,21.0,55.4,1012.9,0.0
2022-06-30,17.1,43.5,1007.5,6.0
2022-07-01,22.2,62.4,1010.2,0.0
2022-07-02,23.9,48.8,1011.9,0.0
2022-07-03,13.4,77.6,1023.0,0.0
2022-07-04,19.8,61.9,1017.5,0.0
2022-07-05,14.4,78.2,1009.4,0.0
2022-07-06,18.3,83.4,1006.7,0.0
2022-07-07,18.4,85.4,1010.9,0.0
2022-07-08,22.5,40.8,1002.3,0.0
2022-07-09,20.4,68.4,1017.9,0.4
2022-07-10,15.7,79.7,1004.6,5.4
2022-07-11,17.6,55.7,1014.2,0.0
2022-07-12,22.3,86.9,1004.1,0.0
2022-07-13,19.7,48.5,1005.2,0.0
2022-07-14,16.1,60.1,1006.1,0.0
2022-07-15,15.5,48.8,1017.0,0.0
2022-07-16,16.4,47.0,1008.9,1.0
2022-07-17,15.5,88.2,1013.8,0.0
2022-07-18,12.5,52.7,1011.9,2.8
2022-07-19,12.7,50.7,1013.1,0.0
2022-07-20,10.2,41.9,1018.9,0.0
2022-07-21,18.4,44.5,1012.4,1.9
2022-07-22,19.4,49.8,1010.7,0.0
2022-07-23,12.2,72.1,1009.4,0.9
2022-07-24,17.2,86.2,1020.9,3.6
2022-07-25,19.5,63.4,1005.9,0.0
2022-07-26,20.0,54.5,1014.0,6.1
2022-07-27,16.6,53.7,1012.8,0.0
2022-07-28,13.6,60.1,1027.6,0.3
2022-07-29,13.2,48.1,1013.2,0.8
2022-07-30,15.9,82.5,1001.3,0.0
2022-07-31,16.3,83.4,1006.9,0.0
2022-08-01,15.4,46.4,1014.4,3.7
2022-08-02,17.8,83.8,1012.0,0.3
2022-08-03,7.5,45.9,1005.5,0.0
2022-08-04,14.2,69.1,1012.1,2.7
2022-08-05,18.2,76.8,1011.1,0.0
2022-08-06,9.6,79.8,1004.2,3.1
2022-08-07,21.3,57.6,1012.5,0.0
2022-08-08,17.6,44.7,1014.1,1.0
2022-08-09,11.8,59.1,1005.0,1.7
2022-08-10,13.1,56.8,1017.9,0.0
2022-08-11,11.4,41.2,1005.5,0.8
2022-08-12,17.2,42.8,1016.2,0.1
2022-08-13,12.9,87.3,1010.3,0.5
2022-08-14,9.1,77.3,1013.9,0.0
2022-08-15,14.3,79.0,1024.9,0.0
2022-08-16,13.6,87.9,1010.5,0.0
2022-08-17,5.9,66.6,1022.5,0.0
2022-08-18,13.5,50.1,1012.2,1.9
2022-08-19,14.5,47.1,1007.9,1.4
2022-08-20,10.9,48.5,1006.3,0.0
2022-08-21,8.2,43.6,1022.6,0.0
2022-08-22,12.6,81.4,1010.4,3.5
2022-08-23,11.9,71.9,1011.9,3.4
2022-08-24,14.8,63.4,1012.1,0.6
2022-08-25,10.8,52.3,1015.5,0.0
2022-08-26,13.9,82.8,1010.1,2.4
2022-08-27,14.4,74.4,1009.9,0.0
2022-08-28,10.0,54.5,1016.1,0.0
2022-08-29,18.4,71.2,1013.4,0.0
2022-08-30,9.1,74.1,1007.7,0.0
2022-08-31,11.0,44.3,1017.2,0.0
2022-09-01,19.7,51.9,1011.4,0.0
2022-09-02,11.4,63.6,1021.5,0.0
2022-09-03,12.0,64.6,1014.1,0.0
2022-09-04,15.4,43.6,1013.5,0.0
2022-09-05,8.0,64.7,1019.1,2.4
2022-09-06,11.8,50.8,1004.7,0.0
2022-09-07,11.7,78.5,1003.7,0.0
2022-09-08,9.8,47.7,1010.2,0.0
2022-09-09,10.6,56.3,1011.5,0.0
2022-09-10,10.9,51.5,1015.4,0.0
2022-09-11,10.7,82.5,1003.2,0.0
2022-09-12,11.3,52.5,1013.9,0.0
2022-09-13,12.5,89.5,1015.4,0.0
2022-09-14,4.1,86.6,1019.1,0.0
2022-09-15,7.7,55.2,1017.3,5.2
2022-09-16,10.5,56.0,1015.1,0.0
2022-09-17,10.5,71.8,1011.7,0.5
2022-09-18,8.5,46.4,1017.4,0.8
2022-09-19,4.1,78.0,1007.4,0.0
2022-09-20,12.2,48.9,1014.2,0.0
2022-09-21,12.2,42.7,1009.5,0.0
2022-09-22,13.2,47.8,1006.0,0.0
2022-09-23,6.8,43.6,1018.1,0.0
2022-09-24,9.4,85.2,1011.1,0.0
2022-09-25,12.7,73.0,1009.9,0.0
2022-09-26,6.8,64.7,1016.6,0.0
2022-09-27,14.3,51.2,1016.6,0.0
2022-09-28,8.6,40.9,1003.0,0.0
2022-09-29,6.8,78.8,1005.2,0.6
2022-09-30,7.7,70.2,1002.2,0.0
2022-10-01,8.3,62.7,1015.3,0.0
2022-10-02,6.8,86.3,1018.4,0.0
2022-10-03,11.9,87.6,1013.2,1.2
2022-10-04,11.3,88.5,1015.5,0.0
2022-10-05,1.3,70.7,997.8,0.0
2022-10-06,13.1,47.7,1005.7,0.0
2022-10-07,13.1,82.4,1018.6,0.0
2022-10-08,6.5,88.5,1007.9,0.0
2022-10-09,12.3,51.0,1011.0,0.5
2022-10-10,6.1,83.0,1012.8,0.3
2022-10-11,7.7,86.3,1013.5,0.0
2022-10-12,3.6,47.5,1004.0,0.0
2022-10-13,7.5,43.6,1023.0,0.1
2022-10-14,4.9,82.3,1014.1,0.4
2022-10-15,6.7,72.5,1010.1,0.6
2022-10-16,9.5,47.6,1009.3,0.0
2022-10-17,11.1,47.0,1010.8,0.0
2022-10-18,9.7,54.0,1013.5,0.0
2022-10-19,6.5,72.6,1003.5,0.0
2022-10-20,15.3,62.8,1013.9,0.2
2022-10-21,9.8,69.7,1011.6,0.0
2022-10-22,8.3,61.1,1006.2,3.3
2022-10-23,11.4,70.1,1013.4,0.0
2022-10-24,11.7,71.6,1010.3,0.1
2022-10-25,8.8,67.3,1014.3,0.0
2022-10-26,14.3,40.8,1007.4,0.7
2022-10-27,7.2,88.9,1016.3,0.0
2022-10-28,11.5,65.2,1009.7,0.0
2022-10-29,12.6,65.1,1009.1,0.0
2022-10-30,11.0,83.0,1005.6,0.0
2022-10-31,3.5,59.5,1010.6,1.4
2022-11-01,13.4,41.6,1013.6,0.0
2022-11-02,10.1,49.1,1008.0,0.0
2022-11-03,14.3,57.4,1022.6,0.0
2022-11-04,7.5,82.6,1016.3,0.0
2022-11-05,12.1,57.1,1016.8,0.0
2022-11-06,15.3,51.9,1014.8,1.2
2022-11-07,6.5,75.5,1007.5,0.8
2022-11-08,12.9,66.0,1011.5,0.0
2022-11-09,15.1,40.7,1015.7,0.0
2022-11-10,11.3,45.4,1003.1,0.0
2022-11-11,12.6,49.6,1012.8,0.0
2022-11-12,6.0,56.4,1015.0,0.0
2022-11-13,9.2,77.8,1018.1,7.0
2022-11-14,11.3,55.7,1015.3,2.9
2022-11-15,13.3,61.7,1013.5,2.0
2022-11-16,10.6,44.7,1020.7,0.3
2022-11-17,11.0,41.7,1011.6,3.8
2022-11-18,10.1,44.9,1014.1,0.0
2022-11-19,14.8,62.4,1014.0,0.0
2022-11-20,12.7,84.0,1013.5,1.0
2022-11-21,15.3,65.1,1009.0,0.0
2022-11-22,13.7,47.6,1024.0,0.0
2022-11-23,15.2,81.2,1013.5,2.2
2022-11-24,15.0,81.9,1011.2,0.0
2022-11-25,16.7,80.9,1019.3,0.0
2022-11-26,13.3,45.8,1015.0,0.5
2022-11-27,11.6,80.8,1011.2,0.0
2022-11-28,14.4,73.1,1008.8,3.3
2022-11-29,16.5,56.2,1009.0,3.8
2022-11-30,13.3,45.2,1019.5,0.0
2022-12-01,16.8,44.4,1027.1,1.4
2022-12-02,13.3,57.8,1007.6,0.0
2022-12-03,11.7,84.9,1013.3,0.2
2022-12-04,17.3,72.7,1023.6,0.0
2022-12-05,10.0,87.5,1004.3,0.2
2022-12-06,14.4,58.4,1015.7,0.0
2022-12-07,13.2,58.4,1013.2,0.0
2022-12-08,10.5,53.1,1013.1,0.0
2022-12-09,13.8,66.7,1012.1,0.0
2022-12-10,18.2,88.3,1011.5,2.9
2022-12-11,18.4,61.5,1017.0,0.4
2022-12-12,22.1,68.1,1013.1,4.6
2022-12-13,15.0,83.5,1013.5,0.0
2022-12-14,17.3,82.1,1007.5,0.0
2022-12-15,17.7,50.8,1023.9,0.0
2022-12-16,18.9,49.4,1006.6,0.3
2022-12-17,14.4,84.4,1012.5,0.0
2022-12-18,16.8,88.6,1009.0,0.0
2022-12-19,20.7,55.0,1009.9,0.2
2022-12-20,17.9,76.5,1007.8,1.6
2022-12-21,11.1,61.8,1007.1,0.0
2022-12-22,19.2,69.9,1015.8,0.4
2022-12-23,19.0,49.0,1015.4,0.0
2022-12-24,20.6,78.2,1003.8,0.0
2022-12-25,15.7,60.2,1017.5,0.0
2022-12-26,9.9,50.4,1022.4,0.0
2022-12-27,13.3,69.0,1013.1,0.3
2022-12-28,20.8,74.5,1016.5,0.0
2022-12-29,22.5,43.5,1015.2,0.0
2022-12-30,23.4,54.4,1018.8,0.0
2022-12-31,27.7,81.8,1010.5,0.0
2023-01-01,18.7,82.7,999.2,0.0
2023-01-02,21.5,79.8,1022.7,0.0
2023-01-03,24.4,47.5,1017.1,0.0
2023-01-04,24.8,84.3,1015.5,0.0
2023-01-05,20.0,60.9,1024.2,0.0
2023-01-06,22.3,56.3,1018.7,0.0
2023-01-07,14.1,47.5,1001.9,0.0
2023-01-08,21.9,74.7,1008.5,0.0
2023-01-09,22.3,40.4,1010.5,7.0
2023-01-10,24.2,77.4,1017.2,0.0
2023-01-11,21.3,58.0,1012.1,0.0
2023-01-12,19.1,52.9,1009.5,0.0
2023-01-13,24.5,69.8,1016.1,3.3
2023-01-14,18.8,52.4,1013.8,0.0
2023-01-15,26.2,86.6,1020.8,1.9
2023-01-16,24.2,64.4,1020.4,0.0
2023-01-17,21.7,43.4,1016.9,0.0
2023-01-18,22.3,78.3,1021.0,11.2
2023-01-19,24.7,74.6,1013.2,6.0
2023-01-20,25.7,69.3,1010.4,0.0
2023-01-21,21.7,69.4,1016.3,0.0
2023-01-22,23.6,89.9,1016.5,0.0
2023-01-23,24.8,64.1,1007.2,0.0
2023-01-24,23.5,69.1,1015.9,0.0
2023-01-25,27.1,72.1,1009.5,0.0
2023-01-26,26.1,70.3,1004.8,0.0
2023-01-27,23.4,83.6,1010.3,0.0
2023-01-28,29.4,51.1,1005.8,2.3
2023-01-29,22.5,56.9,1016.1,3.7
2023-01-30,24.1,58.4,1010.8,0.0
2023-01-31,28.5,58.7,1010.1,0.0
2023-02-01,30.7,45.3,1018.1,0.9
2023-02-02,24.6,80.1,1008.1,0.0
2023-02-03,28.5,86.2,1013.4,0.0
2023-02-04,22.7,50.6,1017.1,0.0
2023-02-05,24.7,74.2,1016.8,0.9
2023-02-06,24.7,87.0,1008.9,0.0
2023-02-07,26.3,63.1,1010.0,0.0
2023-02-08,20.5,51.6,1006.4,0.0
2023-02-09,22.8,67.4,1009.1,0.0
2023-02-10,30.5,58.4,1013.1,0.3
2023-02-11,27.6,85.1,1008.5,0.0
2023-02-12,20.6,72.0,1016.8,0.0
2023-02-13,32.3,69.3,1014.1,0.0
2023-02-14,26.7,65.5,1013.5,0.0
2023-02-15,31.2,52.5,1014.1,0.0
2023-02-16,29.7,48.6,1016.8,0.0
2023-02-17,30.6,65.0,1012.4,0.5
2023-02-18,31.2,41.3,1014.2,0.0
2023-02-19,29.0,70.9,1017.6,3.6
2023-02-20,30.4,59.8,1010.0,0.0
2023-02-21,28.4,89.8,1013.6,0.0
2023-02-22,27.9,81.3,1015.8,0.0
2023-02-23,27.4,82.9,1011.9,0.2
2023-02-24,30.2,40.2,1011.1,0.0
2023-02-25,26.6,62.6,1015.7,5.0
2023-02-26,27.8,46.2,1008.7,1.0
2023-02-27,30.2,87.1,1015.4,0.0
2023-02-28,27.5,62.8,1012.8,0.0
2023-03-01,27.6,70.7,1004.3,0.0
2023-03-02,23.6,84.3,1010.8,0.0
2023-03-03,29.9,53.6,1002.5,0.0
2023-03-04,33.1,81.2,1014.8,6.3
2023-03-05,34.0,86.6,1008.3,0.0
2023-03-06,30.3,57.1,1015.3,0.0
2023-03-07,31.0,64.8,1013.9,0.0
2023-03-08,30.3,61.4,1008.2,0.0
2023-03-09,33.3,49.9,1017.8,0.7
2023-03-10,29.5,76.5,1014.5,0.0
2023-03-11,26.8,89.7,1015.3,2.2
2023-03-12,26.9,86.3,1014.4,0.0
2023-03-13,32.6,51.3,1020.1,0.0
2023-03-14,30.1,52.3,1008.5,2.5
2023-03-15,32.0,68.7,1004.7,0.0
2023-03-16,27.8,59.9,1003.7,0.0
2023-03-17,29.6,63.6,1009.1,2.6
2023-03-18,27.6,82.7,1014.1,0.0
2023-03-19,29.3,77.0,1020.3,0.0
2023-03-20,29.6,65.6,1008.1,0.0
2023-03-21,29.8,89.3,1019.0,0.0
2023-03-22,29.2,83.5,1010.1,0.0
2023-03-23,29.6,80.6,1008.2,0.0
2023-03-24,29.4,51.5,1010.4,0.0
2023-03-25,37.1,52.4,1003.5,0.3
2023-03-26,29.9,89.5,1014.3,0.0
2023-03-27,29.4,80.4,1008.0,0.0
2023-03-28,28.9,77.0,1010.9,0.0
2023-03-29,28.8,84.6,1012.9,0.0
2023-03-30,32.1,56.7,1010.7,0.0
2023-03-31,29.3,66.5,1020.8,0.0
2023-04-01,24.7,82.2,1019.2,2.1
2023-04-02,27.9,50.3,1013.7,0.0
2023-04-03,29.3,51.3,1003.5,0.1
2023-04-04,29.8,79.9,1020.0,0.0
2023-04-05,31.5,66.3,1015.0,0.4
2023-04-06,26.6,43.6,1018.9,0.0
2023-04-07,29.4,82.1,998.7,0.0
2023-04-08,29.6,84.4,1016.5,3.0
2023-04-09,29.5,65.7,1013.6,0.0
2023-04-10,33.0,45.2,1013.9,0.0
2023-04-11,24.7,74.6,1010.1,0.0
2023-04-12,27.1,59.3,1022.2,0.0
2023-04-13,26.3,89.4,1021.6,0.0
2023-04-14,29.7,57.7,1008.3,0.3
2023-04-15,31.7,46.0,1004.1,0.0
2023-04-16,33.2,49.2,1010.7,0.0
2023-04-17,31.9,42.0,1011.0,0.0
2023-04-18,29.9,69.8,1007.0,0.1
2023-04-19,31.8,42.7,1009.5,0.9
2023-04-20,32.2,51.0,1009.5,0.2
2023-04-21,31.9,63.1,1017.8,0.0
2023-04-22,28.6,72.5,1010.9,0.0
2023-04-23,31.0,79.3,1015.3,0.0
2023-04-24,33.8,50.5,1015.5,0.0
2023-04-25,30.3,78.4,1013.1,0.0
2023-04-26,27.4,80.8,1020.4,4.4
2023-04-27,27.5,61.6,1016.4,0.0
2023-04-28,28.2,55.9,1009.8,0.0
2023-04-29,31.8,60.5,1008.1,0.1
2023-04-30,34.0,62.9,1014.4,0.0
2023-05-01,27.0,50.8,1011.2,0.0
2023-05-02,27.0,40.0,1010.3,0.0
2023-05-03,30.9,56.5,1017.2,0.0
2023-05-04,29.4,87.1,1007.8,0.0
2023-05-05,28.0,89.1,1022.6,0.0
2023-05-06,35.8,44.4,1017.9,0.0
2023-05-07,25.2,61.0,1012.5,0.9
2023-05-08,31.7,59.0,1012.2,0.0
2023-05-09,30.2,68.4,1007.8,0.0
2023-05-10,26.0,73.7,1017.9,0.0
2023-05-11,32.1,82.7,1014.2,3.8
2023-05-12,28.0,73.7,1008.6,0.0
2023-05-13,29.4,69.4,1028.3,0.0
2023-05-14,23.7,50.4,1020.6,0.6
2023-05-15,21.8,56.1,1007.6,0.0
2023-05-16,27.5,89.3,1006.4,0.5
2023-05-17,28.3,60.9,1017.5,6.1
2023-05-18,26.9,47.7,1015.6,0.0
2023-05-19,25.6,65.9,1008.9,0.0
2023-05-20,26.4,52.4,1009.8,2.6
2023-05-21,22.9,69.6,1013.4,0.0
2023-05-22,28.9,54.2,1006.0,0.0
2023-05-23,24.7,72.5,1013.2,1.0
2023-05-24,22.6,72.7,1010.6,2.5
2023-05-25,19.3,53.9,1022.7,0.0
2023-05-26,31.4,52.1,1017.6,0.0
2023-05-27,26.4,70.5,1009.8,0.7
2023-05-28,28.0,68.2,1006.2,0.0
2023-05-29,23.2,89.0,1018.9,2.6
2023-05-30,17.1,77.3,1020.1,4.6
2023-05-31,30.1,44.0,1013.1,0.0
2023-06-01,24.6,78.1,1021.0,0.0
2023-06-02,27.1,87.4,1007.2,0.0
2023-06-03,23.8,77.1,1002.4,0.0
2023-06-04,26.2,47.1,1013.9,2.9
2023-06-05,24.3,79.5,1009.3,0.0
2023-06-06,19.5,89.3,1009.6,0.0
2023-06-07,24.0,49.2,1012.7,0.0
2023-06-08,22.2,78.2,1014.6,4.7
2023-06-09,21.4,72.1,1009.9,0.0
2023-06-10,23.4,44.9,1012.0,1.8
2023-06-11,22.1,47.6,1020.9,0.0
2023-06-12,27.5,62.1,1021.1,2.6
2023-06-13,21.7,60.5,1006.9,0.3
2023-06-14,22.0,88.2,1016.4,7.9
2023-06-15,22.0,56.9,1003.1,0.0
2023-06-16,21.8,51.1,1024.8,0.0
2023-06-17,21.2,78.0,1017.9,0.0
2023-06-18,20.4,67.3,1014.9,8.4
2023-06-19,16.0,88.2,1020.5,0.0
2023-06-20,19.7,59.5,1013.1,0.6
2023-06-21,19.3,78.0,1012.5,0.0
2023-06-22,18.0,72.3,1018.5,5.2
2023-06-23,21.2,75.6,1012.6,0.0
2023-06-24,21.0,48.0,1010.5,0.0
2023-06-25,20.0,48.1,1015.6,0.0
2023-06-26,25.2,49.5,1008.3,0.0
2023-06-27,20.6,74.4,1007.3,0.0
2023-06-28,19.2,44.9,1011.4,5.2
2023-06-29,27.9,42.8,1011.5,0.0
2023-06-30,21.0,48.7,1023.4,0.0
2023-07-01,22.7,72.0,1005.1,1.9
2023-07-02,17.4,40.0,1004.4,0.0
2023-07-03,22.9,49.3,1007.5,0.0
2023-07-04,18.0,85.8,1016.7,1.4
2023-07-05,19.9,75.7,1019.2,0.0
2023-07-06,22.1,49.4,1022.1,0.0
2023-07-07,23.1,73.6,1023.1,8.3
2023-07-08,17.3,83.4,1018.3,0.0
2023-07-09,18.9,86.9,1013.7,0.0
2023-07-10,16.1,42.9,1019.1,1.7
2023-07-11,19.3,54.4,1009.7,0.0
2023-07-12,15.8,75.0,1014.7,0.0
2023-07-13,20.1,44.7,1014.2,0.9
2023-07-14,19.1,85.8,1014.8,1.3
2023-07-15,17.9,43.1,1010.4,0.0
2023-07-16,21.3,75.1,1015.7,0.0
2023-07-17,16.8,77.4,1009.0,0.0
2023-07-18,18.0,56.5,1014.9,1.1
2023-07-19,22.4,47.0,1014.4,0.0
2023-07-20,18.1,72.4,1010.0,0.0
2023-07-21,24.7,65.9,1005.7,0.0
2023-07-22,16.4,87.7,1015.8,0.0
2023-07-23,14.5,84.9,1008.6,3.5
2023-07-24,12.7,67.8,1016.4,0.4
2023-07-25,18.4,88.6,1017.3,0.0
2023-07-26,17.8,41.9,1008.1,0.0
2023-07-27,13.6,68.3,1016.5,0.0
2023-07-28,12.7,43.6,1011.2,0.0
2023-07-29,11.2,49.4,1013.4,0.2
2023-07-30,18.5,69.7,1012.0,1.9
2023-07-31,13.4,64.2,1011.5,0.0
2023-08-01,16.3,73.2,1015.4,0.0
2023-08-02,17.9,49.5,1013.2,0.0
2023-08-03,16.8,44.5,1018.1,0.0
2023-08-04,10.6,69.0,1024.2,0.0
2023-08-05,18.7,77.8,1004.7,0.0
2023-08-06,15.0,87.1,1008.4,0.0
2023-08-07,16.0,43.1,1010.8,0.0
2023-08-08,10.8,86.7,1010.6,0.0
2023-08-09,17.2,54.6,1017.5,0.1
2023-08-10,11.2,55.6,1014.3,0.0
2023-08-11,14.6,80.1,1006.3,0.8
2023-08-12,16.9,65.3,1006.0,0.8
2023-08-13,14.4,52.1,1021.2,0.0
2023-08-14,12.2,84.2,1007.5,0.0
2023-08-15,17.9,81.1,1015.0,0.0
2023-08-16,12.8,73.6,1008.9,0.0
2023-08-17,11.9,59.6,1011.1,0.0
2023-08-18,9.3,56.4,1002.5,0.0
2023-08-19,11.4,64.0,1016.8,0.0
2023-08-20,16.4,57.3,1018.0,0.0
2023-08-21,15.6,56.5,1007.9,0.0
2023-08-22,13.1,62.1,1015.8,0.0
2023-08-23,14.0,48.2,1012.7,0.0
2023-08-24,12.5,85.8,1023.3,0.3
2023-08-25,21.2,86.1,1015.4,0.0
2023-08-26,8.8,67.4,1010.5,0.0
2023-08-27,11.2,46.9,1018.4,0.2
2023-08-28,9.6,86.3,1016.9,0.0
2023-08-29,10.6,72.4,1016.9,0.4
2023-08-30,13.2,83.9,1009.6,0.0
2023-08-31,11.4,65.3,1003.6,0.0
2023-09-01,11.5,65.6,1011.8,0.0
2023-09-02,8.0,71.0,1011.3,0.0
2023-09-03,16.2,83.0,1005.7,0.0
2023-09-04,11.8,47.7,1015.7,0.0
2023-09-05,11.2,86.2,1017.1,0.0
2023-09-06,9.9,89.2,1009.9,0.0
2023-09-07,7.8,56.1,1012.7,0.0
2023-09-08,11.4,49.4,1015.4,0.0
2023-09-09,10.8,56.8,1014.5,1.4
2023-09-10,6.0,74.6,1010.1,0.0
2023-09-11,8.8,89.5,1011.6,2.6
2023-09-12,11.2,79.6,1022.4,0.0
2023-09-13,11.8,77.6,1010.5,0.0
2023-09-14,8.9,55.5,1004.4,0.0
2023-09-15,7.2,67.6,1016.0,0.0
2023-09-16,9.5,81.3,1010.5,2.1
2023-09-17,8.1,75.3,1005.4,0.0
2023-09-18,12.4,77.5,1011.2,0.7
2023-09-19,10.1,82.8,1002.9,0.0
2023-09-20,9.1,75.9,1013.3,0.0
2023-09-21,13.0,60.7,1019.1,0.0
2023-09-22,9.8,75.9,1008.1,0.0
2023-09-23,11.2,74.1,1015.6,4.1
2023-09-24,5.3,88.6,1011.3,0.9
2023-09-25,11.6,67.2,1013.5,0.0
2023-09-26,15.8,45.5,1013.2,0.0
2023-09-27,8.9,45.4,1011.4,0.2
2023-09-28,8.4,40.8,1005.1,0.0
2023-09-29,15.8,79.8,1020.3,0.0
2023-09-30,10.7,55.2,1011.9,0.0
2023-10-01,10.3,51.3,1006.4,0.0
2023-10-02,11.5,89.9,1019.8,1.9
2023-10-03,12.8,57.2,1011.5,0.0
2023-10-04,11.7,64.9,1016.1,0.0
2023-10-05,9.4,75.6,1013.1,0.4
2023-10-06,13.0,80.6,1017.4,0.0
2023-10-07,12.3,55.3,1013.4,0.0
2023-10-08,6.4,62.3,1011.6,0.0
2023-10-09,14.4,52.8,1018.0,0.0
2023-10-10,9.4,79.6,1011.8,2.2
2023-10-11,6.6,59.5,1021.2,1.7
2023-10-12,11.8,56.4,1015.6,0.0
2023-10-13,8.3,89.9,1014.8,0.0
2023-10-14,11.6,46.5,1013.1,0.0
2023-10-15,8.1,40.2,1011.4,0.0
2023-10-16,7.6,51.3,1014.9,0.0
2023-10-17,5.8,84.5,1020.8,0.0
2023-10-18,14.3,48.0,1015.4,0.2
2023-10-19,9.5,62.5,1008.9,0.0
2023-10-20,11.6,84.3,1015.0,0.0
2023-10-21,8.6,45.3,1018.2,0.0
2023-10-22,12.4,69.5,1007.1,0.7
2023-10-23,13.5,66.7,1011.9,0.0
2023-10-24,12.5,48.8,1016.6,1.0
2023-10-25,10.3,52.4,1021.4,0.0
2023-10-26,7.3,55.5,1017.3,0.0
2023-10-27,13.3,47.9,1012.6,0.0
2023-10-28,5.4,85.4,1013.9,0.0
2023-10-29,7.1,61.0,1023.3,0.0
2023-10-30,11.0,68.8,1023.2,0.0
2023-10-31,11.9,57.3,1010.3,0.3
2023-11-01,16.8,53.9,1011.1,0.5
2023-11-02,9.8,64.4,1020.0,0.0
2023-11-03,18.8,87.6,1020.3,0.0
2023-11-04,14.1,70.0,1020.3,0.0
2023-11-05,11.6,61.2,1009.2,0.0
2023-11-06,10.5,61.5,1013.7,0.0
2023-11-07,14.5,74.2,1009.5,0.0
2023-11-08,11.3,73.5,1009.9,5.0
2023-11-09,12.0,89.6,1013.2,2.0
2023-11-10,14.2,80.1,1019.0,0.0
2023-11-11,12.0,65.7,1006.5,0.0
2023-11-12,16.5,80.0,1006.3,0.0
2023-11-13,17.6,77.8,1009.8,3.0
2023-11-14,17.0,48.4,1019.8,0.0
2023-11-15,17.1,79.8,1017.3,0.0
2023-11-16,14.8,82.8,1011.8,0.0
2023-11-17,10.4,52.5,1013.1,0.0
2023-11-18,11.9,44.2,1012.2,0.0
2023-11-19,13.4,63.2,1004.3,0.0
2023-11-20,14.9,86.4,1015.8,1.0
2023-11-21,19.5,52.4,1016.1,2.8
2023-11-22,11.8,73.1,1013.7,1.5
2023-11-23,14.7,80.9,1015.1,0.0
2023-11-24,18.1,43.9,1012.6,0.1
2023-11-25,18.0,86.6,1009.5,0.0
2023-11-26,11.1,88.0,1012.7,0.0
2023-11-27,12.2,51.1,1015.6,0.0
2023-11-28,14.1,68.1,1012.3,0.0
2023-11-29,16.1,60.8,1012.3,0.0
2023-11-30,12.5,55.6,1016.8,0.0
2023-12-01,16.4,73.3,1013.2,0.9
2023-12-02,17.9,46.9,1019.9,0.0
2023-12-03,17.2,59.5,1014.2,0.0
2023-12-04,17.6,82.0,1011.1,0.0
2023-12-05,14.3,41.6,1020.7,0.0
2023-12-06,14.4,56.4,1009.2,0.0
2023-12-07,17.8,71.0,1011.2,0.0
2023-12-08,18.8,62.0,1019.5,0.0
2023-12-09,14.4,54.1,1016.8,0.0
2023-12-10,14.9,70.4,1012.3,2.4
2023-12-11,11.2,54.2,1016.8,0.0
2023-12-12,18.5,59.5,1018.8,0.0
2023-12-13,18.3,61.9,1016.8,0.0
2023-12-14,13.0,41.4,1015.7,0.0
2023-12-15,14.4,56.2,1015.3,0.0
2023-12-16,11.7,63.4,1003.7,0.0
2023-12-17,21.6,46.0,1006.9,0.0
2023-12-18,17.9,87.6,1010.5,0.0
2023-12-19,22.6,85.7,1016.6,0.0
2023-12-20,17.6,89.3,1007.7,2.1
2023-12-21,17.3,73.2,1011.9,0.0
2023-12-22,21.4,71.0,1008.8,0.0
2023-12-23,18.3,49.6,1014.3,3.1
2023-12-24,18.0,58.7,1010.9,1.3
2023-12-25,19.5,81.0,1011.5,0.0
2023-12-26,22.8,59.3,1011.9,0.0
2023-12-27,18.5,67.2,1014.2,0.0
2023-12-28,16.1,83.3,1023.7,1.7
2023-12-29,23.9,66.8,1015.9,0.0
2023-12-30,18.8,66.6,1006.1,0.0
2023-12-31,20.8,64.9,1013.4,0.0
